시군구,번지,본번,부번,단지명,전용면적(㎡),계약년월,계약일,거래금액(만원),층,건축년도,도로명,해제사유발생일
대전광역시 서구 도안동,965,965,0,금성백조예미지,84.9542,201701,21,"35,450",21,2012,도안북로 125,
대전광역시 서구 도안동,965,965,0,금성백조예미지,84.8163,201701,21,"36,500",20,2012,도안북로 125,
대전광역시 서구 도안동,965,965,0,금성백조예미지,84.8163,201701,30,"37,500",24,2012,도안북로 125,
대전광역시 서구 도안동,965,965,0,금성백조예미지,84.8163,201702,12,"34,900",5,2012,도안북로 125,
대전광역시 서구 도안동,965,965,0,금성백조예미지,84.9542,201702,14,"32,500",3,2012,도안북로 125,
대전광역시 서구 도안동,965,965,0,금성백조예미지,84.9199,201702,25,"35,000",13,2012,도안북로 125,
대전광역시 서구 도안동,965,965,0,금성백조예미지,84.9542,201703,6,"33,700",23,2012,도안북로 125,
대전광역시 서구 도안동,965,965,0,금성백조예미지,84.8163,201703,27,"34,400",5,2012,도안북로 125,
대전광역시 서구 도안동,965,965,0,금성백조예미지,84.9542,201704,13,"35,000",15,2012,도안북로 125,
대전광역시 서구 도안동,965,965,0,금성백조예미지,84.9542,201704,14,"32,500",4,2012,도안북로 125,
대전광역시 서구 도안동,965,965,0,금성백조예미지,84.8163,201704,19,"32,000",1,2012,도안북로 125,
대전광역시 서구 도안동,965,965,0,금성백조예미지,84.9542,201705,8,"34,950",15,2012,도안북로 125,
대전광역시 서구 도안동,965,965,0,금성백조예미지,84.9542,201705,17,"34,400",13,2012,도안북로 125,
대전광역시 서구 도안동,965,965,0,금성백조예미지,84.9199,201705,24,"36,000",8,2012,도안북로 125,
대전광역시 서구 도안동,965,965,0,금성백조예미지,84.8163,201705,29,"33,000",4,2012,도안북로 125,
대전광역시 서구 도안동,965,965,0,금성백조예미지,84.8163,201706,2,"35,900",8,2012,도안북로 125,
대전광역시 서구 도안동,965,965,0,금성백조예미지,84.9542,201706,2,"33,700",5,2012,도안북로 125,
대전광역시 서구 도안동,965,965,0,금성백조예미지,84.9542,201706,8,"32,900",6,2012,도안북로 125,
대전광역시 서구 도안동,965,965,0,금성백조예미지,84.9199,201707,3,"35,700",8,2012,도안북로 125,
대전광역시 서구 도안동,965,965,0,금성백조예미지,84.9199,201707,29,"36,200",19,2012,도안북로 125,
대전광역시 서구 도안동,965,965,0,금성백조예미지,84.9542,201707,30,"34,000",20,2012,도안북로 125,
대전광역시 서구 도안동,965,965,0,금성백조예미지,84.9542,201708,10,"35,000",21,2012,도안북로 125,
대전광역시 서구 도안동,965,965,0,금성백조예미지,84.9542,201708,12,"34,600",17,2012,도안북로 125,
대전광역시 서구 도안동,965,965,0,금성백조예미지,84.8163,201708,23,"36,400",9,2012,도안북로 125,
대전광역시 서구 도안동,965,965,0,금성백조예미지,84.9542,201708,26,"35,200",19,2012,도안북로 125,
대전광역시 서구 도안동,965,965,0,금성백조예미지,84.9542,201708,31,"33,000",4,2012,도안북로 125,
대전광역시 서구 도안동,965,965,0,금성백조예미지,84.8163,201709,8,"32,000",3,2012,도안북로 125,
대전광역시 서구 도안동,965,965,0,금성백조예미지,84.9542,201709,8,"34,500",7,2012,도안북로 125,
대전광역시 서구 도안동,965,965,0,금성백조예미지,84.8163,201709,9,"36,700",11,2012,도안북로 125,
대전광역시 서구 도안동,965,965,0,금성백조예미지,84.8163,201709,10,"36,700",16,2012,도안북로 125,
대전광역시 서구 도안동,965,965,0,금성백조예미지,84.8163,201709,14,"36,650",19,2012,도안북로 125,
대전광역시 서구 도안동,965,965,0,금성백조예미지,84.9542,201709,16,"34,000",6,2012,도안북로 125,
대전광역시 서구 도안동,965,965,0,금성백조예미지,84.9542,201709,22,"33,500",7,2012,도안북로 125,
대전광역시 서구 도안동,965,965,0,금성백조예미지,84.9542,201709,23,"34,800",7,2012,도안북로 125,
대전광역시 서구 도안동,965,965,0,금성백조예미지,84.9542,201709,26,"34,700",24,2012,도안북로 125,
대전광역시 서구 도안동,965,965,0,금성백조예미지,84.9542,201710,17,"35,500",19,2012,도안북로 125,
대전광역시 서구 도안동,965,965,0,금성백조예미지,84.8163,201710,18,"36,000",10,2012,도안북로 125,
대전광역시 서구 도안동,965,965,0,금성백조예미지,84.9542,201710,21,"33,900",3,2012,도안북로 125,
대전광역시 서구 도안동,965,965,0,금성백조예미지,84.9542,201710,30,"35,000",10,2012,도안북로 125,
대전광역시 서구 도안동,965,965,0,금성백조예미지,84.8163,201711,4,"37,000",7,2012,도안북로 125,
대전광역시 서구 도안동,965,965,0,금성백조예미지,84.9542,201711,4,"35,000",8,2012,도안북로 125,
대전광역시 서구 도안동,965,965,0,금성백조예미지,84.9199,201711,4,"35,000",4,2012,도안북로 125,
대전광역시 서구 도안동,965,965,0,금성백조예미지,84.9199,201711,13,"36,600",11,2012,도안북로 125,
대전광역시 서구 도안동,965,965,0,금성백조예미지,84.8163,201711,13,"38,600",16,2012,도안북로 125,
대전광역시 서구 도안동,965,965,0,금성백조예미지,84.9199,201711,17,"35,900",5,2012,도안북로 125,
대전광역시 서구 도안동,965,965,0,금성백조예미지,84.9542,201711,18,"30,800",1,2012,도안북로 125,
대전광역시 서구 도안동,965,965,0,금성백조예미지,84.9199,201711,24,"36,500",12,2012,도안북로 125,
대전광역시 서구 도안동,965,965,0,금성백조예미지,84.9542,201712,4,"35,700",15,2012,도안북로 125,
대전광역시 서구 도안동,965,965,0,금성백조예미지,84.8163,201712,16,"36,500",13,2012,도안북로 125,
대전광역시 서구 도안동,965,965,0,금성백조예미지,84.8163,201712,20,"37,000",21,2012,도안북로 125,
대전광역시 서구 도안동,965,965,0,금성백조예미지,84.8163,201712,27,"31,500",1,2012,도안북로 125,
대전광역시 서구 도안동,1373,1373,0,도안 베르디움,84.9317,201701,3,"34,400",3,2014,원도안로 100,
대전광역시 서구 도안동,1373,1373,0,도안 베르디움,84.9317,201701,9,"36,150",12,2014,원도안로 100,
대전광역시 서구 도안동,1373,1373,0,도안 베르디움,84.9331,201701,20,"33,500",7,2014,원도안로 100,
대전광역시 서구 도안동,1373,1373,0,도안 베르디움,84.9317,201701,26,"45,500",21,2014,원도안로 100,
대전광역시 서구 도안동,1373,1373,0,도안 베르디움,84.9823,201702,6,"34,500",5,2014,원도안로 100,
대전광역시 서구 도안동,1373,1373,0,도안 베르디움,84.9317,201702,22,"46,400",21,2014,원도안로 100,
대전광역시 서구 도안동,1373,1373,0,도안 베르디움,84.9317,201702,26,"36,650",21,2014,원도안로 100,
대전광역시 서구 도안동,1373,1373,0,도안 베르디움,84.9572,201703,3,"36,300",16,2014,원도안로 100,
대전광역시 서구 도안동,1373,1373,0,도안 베르디움,84.9823,201703,20,"32,000",2,2014,원도안로 100,
대전광역시 서구 도안동,1373,1373,0,도안 베르디움,84.9331,201703,24,"34,000",11,2014,원도안로 100,
대전광역시 서구 도안동,1373,1373,0,도안 베르디움,84.9823,201703,30,"34,000",12,2014,원도안로 100,
대전광역시 서구 도안동,1373,1373,0,도안 베르디움,84.9572,201704,7,"35,850",15,2014,원도안로 100,
대전광역시 서구 도안동,1373,1373,0,도안 베르디움,84.9823,201704,21,"34,400",13,2014,원도안로 100,
대전광역시 서구 도안동,1373,1373,0,도안 베르디움,84.9331,201704,22,"34,700",22,2014,원도안로 100,
대전광역시 서구 도안동,1373,1373,0,도안 베르디움,84.9331,201704,27,"33,900",17,2014,원도안로 100,
대전광역시 서구 도안동,1373,1373,0,도안 베르디움,84.9823,201705,17,"32,000",5,2014,원도안로 100,
대전광역시 서구 도안동,1373,1373,0,도안 베르디움,84.9317,201705,24,"34,650",5,2014,원도안로 100,
대전광역시 서구 도안동,1373,1373,0,도안 베르디움,84.9317,201706,24,"34,800",8,2014,원도안로 100,
대전광역시 서구 도안동,1373,1373,0,도안 베르디움,84.9317,201707,1,"36,300",19,2014,원도안로 100,
대전광역시 서구 도안동,1373,1373,0,도안 베르디움,84.9317,201707,5,"33,900",5,2014,원도안로 100,
대전광역시 서구 도안동,1373,1373,0,도안 베르디움,84.9317,201707,15,"35,800",10,2014,원도안로 100,
대전광역시 서구 도안동,1373,1373,0,도안 베르디움,84.9317,201707,17,"35,500",19,2014,원도안로 100,
대전광역시 서구 도안동,1373,1373,0,도안 베르디움,84.9823,201707,31,"34,300",13,2014,원도안로 100,
대전광역시 서구 도안동,1373,1373,0,도안 베르디움,84.9823,201708,14,"35,600",22,2014,원도안로 100,
대전광역시 서구 도안동,1373,1373,0,도안 베르디움,84.9317,201708,25,"34,300",9,2014,원도안로 100,
대전광역시 서구 도안동,1373,1373,0,도안 베르디움,84.9331,201709,8,"32,000",2,2014,원도안로 100,
대전광역시 서구 도안동,1373,1373,0,도안 베르디움,84.9572,201709,9,"35,800",16,2014,원도안로 100,
대전광역시 서구 도안동,1373,1373,0,도안 베르디움,84.9317,201709,9,"35,200",22,2014,원도안로 100,
대전광역시 서구 도안동,1373,1373,0,도안 베르디움,84.9317,201709,9,"36,700",12,2014,원도안로 100,
대전광역시 서구 도안동,1373,1373,0,도안 베르디움,84.9823,201709,27,"34,800",12,2014,원도안로 100,
대전광역시 서구 도안동,1373,1373,0,도안 베르디움,84.9317,201709,28,"35,200",15,2014,원도안로 100,
대전광역시 서구 도안동,1373,1373,0,도안 베르디움,84.9317,201710,11,"36,700",12,2014,원도안로 100,
대전광역시 서구 도안동,1373,1373,0,도안 베르디움,84.9331,201710,12,"32,450",2,2014,원도안로 100,
대전광역시 서구 도안동,1373,1373,0,도안 베르디움,84.9317,201711,2,"33,700",3,2014,원도안로 100,
대전광역시 서구 도안동,1373,1373,0,도안 베르디움,84.9331,201711,4,"35,000",19,2014,원도안로 100,
대전광역시 서구 도안동,1373,1373,0,도안 베르디움,84.9317,201711,5,"36,300",7,2014,원도안로 100,
대전광역시 서구 도안동,1373,1373,0,도안 베르디움,84.9823,201711,8,"34,400",10,2014,원도안로 100,
대전광역시 서구 도안동,1373,1373,0,도안 베르디움,84.9331,201711,19,"32,750",3,2014,원도안로 100,
대전광역시 서구 도안동,1373,1373,0,도안 베르디움,84.9317,201711,21,"35,800",16,2014,원도안로 100,
대전광역시 서구 도안동,1373,1373,0,도안 베르디움,84.9331,201711,25,"35,000",18,2014,원도안로 100,
대전광역시 서구 도안동,1373,1373,0,도안 베르디움,84.9331,201712,15,"35,000",18,2014,원도안로 100,
대전광역시 서구 도안동,1373,1373,0,도안 베르디움,84.9823,201712,19,"35,000",7,2014,원도안로 100,
대전광역시 서구 도안동,1373,1373,0,도안 베르디움,84.9317,201712,23,"37,000",20,2014,원도안로 100,
대전광역시 서구 도안동,1373,1373,0,도안 베르디움,84.9317,201712,30,"46,800",21,2014,원도안로 100,
대전광역시 서구 도안동,1564,1564,0,도안18단지린풀하우스,70.143,201701,8,"31,500",10,2014,도안동로 77,
대전광역시 서구 도안동,1564,1564,0,도안18단지린풀하우스,84.974,201701,14,"39,000",7,2014,도안동로 77,
대전광역시 서구 도안동,1564,1564,0,도안18단지린풀하우스,78.8929,201701,21,"35,800",10,2014,도안동로 77,
대전광역시 서구 도안동,1564,1564,0,도안18단지린풀하우스,78.8929,201702,1,"35,850",17,2014,도안동로 77,
대전광역시 서구 도안동,1564,1564,0,도안18단지린풀하우스,70.143,201702,5,"30,900",29,2014,도안동로 77,
대전광역시 서구 도안동,1564,1564,0,도안18단지린풀하우스,70.143,201702,9,"31,650",19,2014,도안동로 77,
대전광역시 서구 도안동,1564,1564,0,도안18단지린풀하우스,78.8929,201702,10,"33,500",1,2014,도안동로 77,
대전광역시 서구 도안동,1564,1564,0,도안18단지린풀하우스,78.0199,201702,15,"35,000",32,2014,도안동로 77,
대전광역시 서구 도안동,1564,1564,0,도안18단지린풀하우스,78.0199,201702,21,"35,200",23,2014,도안동로 77,
대전광역시 서구 도안동,1564,1564,0,도안18단지린풀하우스,70.4136,201702,24,"32,200",29,2014,도안동로 77,
대전광역시 서구 도안동,1564,1564,0,도안18단지린풀하우스,70.4136,201702,26,"31,500",22,2014,도안동로 77,
대전광역시 서구 도안동,1564,1564,0,도안18단지린풀하우스,78.8929,201702,27,"33,000",26,2014,도안동로 77,
대전광역시 서구 도안동,1564,1564,0,도안18단지린풀하우스,84.984,201702,28,"38,600",27,2014,도안동로 77,
대전광역시 서구 도안동,1564,1564,0,도안18단지린풀하우스,70.4136,201703,13,"32,550",21,2014,도안동로 77,
대전광역시 서구 도안동,1564,1564,0,도안18단지린풀하우스,70.4136,201703,25,"32,850",27,2014,도안동로 77,
대전광역시 서구 도안동,1564,1564,0,도안18단지린풀하우스,84.974,201703,27,"38,500",15,2014,도안동로 77,
대전광역시 서구 도안동,1564,1564,0,도안18단지린풀하우스,70.143,201703,29,"30,750",5,2014,도안동로 77,
대전광역시 서구 도안동,1564,1564,0,도안18단지린풀하우스,84.974,201704,4,"38,000",25,2014,도안동로 77,
대전광역시 서구 도안동,1564,1564,0,도안18단지린풀하우스,84.974,201704,8,"38,500",9,2014,도안동로 77,
대전광역시 서구 도안동,1564,1564,0,도안18단지린풀하우스,84.974,201704,11,"38,100",19,2014,도안동로 77,
대전광역시 서구 도안동,1564,1564,0,도안18단지린풀하우스,70.143,201704,13,"29,900",2,2014,도안동로 77,
대전광역시 서구 도안동,1564,1564,0,도안18단지린풀하우스,78.8929,201704,15,"33,800",3,2014,도안동로 77,
대전광역시 서구 도안동,1564,1564,0,도안18단지린풀하우스,70.143,201704,19,"33,500",34,2014,도안동로 77,
대전광역시 서구 도안동,1564,1564,0,도안18단지린풀하우스,84.974,201704,20,"38,300",4,2014,도안동로 77,
대전광역시 서구 도안동,1564,1564,0,도안18단지린풀하우스,70.143,201704,20,"31,900",23,2014,도안동로 77,
대전광역시 서구 도안동,1564,1564,0,도안18단지린풀하우스,70.143,201704,22,"31,400",31,2014,도안동로 77,
대전광역시 서구 도안동,1564,1564,0,도안18단지린풀하우스,84.981,201704,24,"36,500",1,2014,도안동로 77,
대전광역시 서구 도안동,1564,1564,0,도안18단지린풀하우스,70.143,201704,29,"31,500",33,2014,도안동로 77,
대전광역시 서구 도안동,1564,1564,0,도안18단지린풀하우스,84.974,201704,30,"37,300",7,2014,도안동로 77,
대전광역시 서구 도안동,1564,1564,0,도안18단지린풀하우스,84.9938,201705,1,"39,500",9,2014,도안동로 77,
대전광역시 서구 도안동,1564,1564,0,도안18단지린풀하우스,84.984,201705,2,"35,900",2,2014,도안동로 77,
대전광역시 서구 도안동,1564,1564,0,도안18단지린풀하우스,70.4136,201705,15,"33,100",30,2014,도안동로 77,
대전광역시 서구 도안동,1564,1564,0,도안18단지린풀하우스,84.974,201705,18,"39,500",26,2014,도안동로 77,
대전광역시 서구 도안동,1564,1564,0,도안18단지린풀하우스,78.8929,201705,22,"36,500",17,2014,도안동로 77,
대전광역시 서구 도안동,1564,1564,0,도안18단지린풀하우스,70.143,201705,23,"31,600",6,2014,도안동로 77,
대전광역시 서구 도안동,1564,1564,0,도안18단지린풀하우스,70.143,201705,25,"32,000",23,2014,도안동로 77,
대전광역시 서구 도안동,1564,1564,0,도안18단지린풀하우스,78.8929,201705,26,"34,000",3,2014,도안동로 77,
대전광역시 서구 도안동,1564,1564,0,도안18단지린풀하우스,78.8929,201705,27,"34,950",8,2014,도안동로 77,
대전광역시 서구 도안동,1564,1564,0,도안18단지린풀하우스,84.981,201705,29,"40,300",21,2014,도안동로 77,
대전광역시 서구 도안동,1564,1564,0,도안18단지린풀하우스,70.143,201705,31,"32,300",16,2014,도안동로 77,
대전광역시 서구 도안동,1564,1564,0,도안18단지린풀하우스,84.974,201706,2,"40,000",14,2014,도안동로 77,
대전광역시 서구 도안동,1564,1564,0,도안18단지린풀하우스,70.4136,201706,4,"32,750",16,2014,도안동로 77,
대전광역시 서구 도안동,1564,1564,0,도안18단지린풀하우스,78.0199,201706,10,"34,850",18,2014,도안동로 77,
대전광역시 서구 도안동,1564,1564,0,도안18단지린풀하우스,84.981,201706,13,"40,500",12,2014,도안동로 77,
대전광역시 서구 도안동,1564,1564,0,도안18단지린풀하우스,84.974,201706,13,"38,900",18,2014,도안동로 77,
대전광역시 서구 도안동,1564,1564,0,도안18단지린풀하우스,78.8929,201706,17,"35,000",4,2014,도안동로 77,
대전광역시 서구 도안동,1564,1564,0,도안18단지린풀하우스,70.4136,201706,24,"33,300",28,2014,도안동로 77,
대전광역시 서구 도안동,1564,1564,0,도안18단지린풀하우스,78.8929,201706,25,"36,300",17,2014,도안동로 77,
대전광역시 서구 도안동,1564,1564,0,도안18단지린풀하우스,84.994,201706,27,"38,500",24,2014,도안동로 77,
대전광역시 서구 도안동,1564,1564,0,도안18단지린풀하우스,78.8929,201706,29,"36,300",9,2014,도안동로 77,
대전광역시 서구 도안동,1564,1564,0,도안18단지린풀하우스,78.8929,201707,5,"37,000",31,2014,도안동로 77,
대전광역시 서구 도안동,1564,1564,0,도안18단지린풀하우스,84.981,201707,7,"40,200",22,2014,도안동로 77,
대전광역시 서구 도안동,1564,1564,0,도안18단지린풀하우스,70.143,201707,16,"32,200",9,2014,도안동로 77,
대전광역시 서구 도안동,1564,1564,0,도안18단지린풀하우스,78.8929,201707,18,"35,600",5,2014,도안동로 77,
대전광역시 서구 도안동,1564,1564,0,도안18단지린풀하우스,70.143,201707,24,"32,500",14,2014,도안동로 77,
대전광역시 서구 도안동,1564,1564,0,도안18단지린풀하우스,70.143,201707,27,"32,550",26,2014,도안동로 77,
대전광역시 서구 도안동,1564,1564,0,도안18단지린풀하우스,70.143,201708,24,"32,700",12,2014,도안동로 77,
대전광역시 서구 도안동,1564,1564,0,도안18단지린풀하우스,78.0199,201708,26,"35,000",26,2014,도안동로 77,
대전광역시 서구 도안동,1564,1564,0,도안18단지린풀하우스,70.143,201708,26,"31,000",32,2014,도안동로 77,
대전광역시 서구 도안동,1564,1564,0,도안18단지린풀하우스,70.4136,201708,29,"33,100",18,2014,도안동로 77,
대전광역시 서구 도안동,1564,1564,0,도안18단지린풀하우스,78.0199,201708,29,"35,350",12,2014,도안동로 77,
대전광역시 서구 도안동,1564,1564,0,도안18단지린풀하우스,70.143,201708,29,"33,300",23,2014,도안동로 77,
대전광역시 서구 도안동,1564,1564,0,도안18단지린풀하우스,78.8929,201709,1,"34,000",8,2014,도안동로 77,
대전광역시 서구 도안동,1564,1564,0,도안18단지린풀하우스,84.981,201709,1,"40,600",24,2014,도안동로 77,
대전광역시 서구 도안동,1564,1564,0,도안18단지린풀하우스,70.4136,201709,2,"32,300",24,2014,도안동로 77,
대전광역시 서구 도안동,1564,1564,0,도안18단지린풀하우스,70.143,201709,4,"31,700",10,2014,도안동로 77,
대전광역시 서구 도안동,1564,1564,0,도안18단지린풀하우스,84.981,201709,4,"42,400",17,2014,도안동로 77,
대전광역시 서구 도안동,1564,1564,0,도안18단지린풀하우스,78.8929,201709,8,"36,250",14,2014,도안동로 77,
대전광역시 서구 도안동,1564,1564,0,도안18단지린풀하우스,70.4136,201709,12,"33,000",13,2014,도안동로 77,
대전광역시 서구 도안동,1564,1564,0,도안18단지린풀하우스,78.8929,201709,19,"36,400",11,2014,도안동로 77,
대전광역시 서구 도안동,1564,1564,0,도안18단지린풀하우스,84.981,201709,20,"40,600",17,2014,도안동로 77,
대전광역시 서구 도안동,1564,1564,0,도안18단지린풀하우스,70.4136,201709,23,"33,000",13,2014,도안동로 77,
대전광역시 서구 도안동,1564,1564,0,도안18단지린풀하우스,70.143,201709,23,"32,700",25,2014,도안동로 77,
대전광역시 서구 도안동,1564,1564,0,도안18단지린풀하우스,70.143,201709,25,"29,200",1,2014,도안동로 77,
대전광역시 서구 도안동,1564,1564,0,도안18단지린풀하우스,84.974,201709,26,"39,800",10,2014,도안동로 77,
대전광역시 서구 도안동,1564,1564,0,도안18단지린풀하우스,70.143,201709,30,"33,500",27,2014,도안동로 77,
대전광역시 서구 도안동,1564,1564,0,도안18단지린풀하우스,84.974,201710,2,"39,300",10,2014,도안동로 77,
대전광역시 서구 도안동,1564,1564,0,도안18단지린풀하우스,78.8929,201710,10,"36,500",19,2014,도안동로 77,
대전광역시 서구 도안동,1564,1564,0,도안18단지린풀하우스,78.8929,201710,12,"36,200",30,2014,도안동로 77,
대전광역시 서구 도안동,1564,1564,0,도안18단지린풀하우스,78.0199,201710,14,"36,500",19,2014,도안동로 77,
대전광역시 서구 도안동,1564,1564,0,도안18단지린풀하우스,78.8929,201710,14,"36,800",13,2014,도안동로 77,
대전광역시 서구 도안동,1564,1564,0,도안18단지린풀하우스,78.8929,201710,14,"35,000",5,2014,도안동로 77,
대전광역시 서구 도안동,1564,1564,0,도안18단지린풀하우스,84.981,201710,14,"42,000",18,2014,도안동로 77,
대전광역시 서구 도안동,1564,1564,0,도안18단지린풀하우스,70.4136,201710,17,"33,300",13,2014,도안동로 77,
대전광역시 서구 도안동,1564,1564,0,도안18단지린풀하우스,78.8929,201710,18,"36,700",10,2014,도안동로 77,
대전광역시 서구 도안동,1564,1564,0,도안18단지린풀하우스,84.974,201710,18,"38,900",29,2014,도안동로 77,
대전광역시 서구 도안동,1564,1564,0,도안18단지린풀하우스,84.974,201710,20,"38,500",16,2014,도안동로 77,
대전광역시 서구 도안동,1564,1564,0,도안18단지린풀하우스,84.981,201710,21,"40,500",30,2014,도안동로 77,
대전광역시 서구 도안동,1564,1564,0,도안18단지린풀하우스,84.974,201710,21,"40,500",26,2014,도안동로 77,
대전광역시 서구 도안동,1564,1564,0,도안18단지린풀하우스,78.0199,201710,21,"36,500",25,2014,도안동로 77,
대전광역시 서구 도안동,1564,1564,0,도안18단지린풀하우스,84.994,201710,23,"39,000",16,2014,도안동로 77,
대전광역시 서구 도안동,1564,1564,0,도안18단지린풀하우스,78.8929,201710,25,"43,000",7,2014,도안동로 77,
대전광역시 서구 도안동,1564,1564,0,도안18단지린풀하우스,70.143,201710,27,"32,400",33,2014,도안동로 77,
대전광역시 서구 도안동,1564,1564,0,도안18단지린풀하우스,78.8929,201710,28,"36,500",15,2014,도안동로 77,
대전광역시 서구 도안동,1564,1564,0,도안18단지린풀하우스,84.994,201710,29,"41,300",30,2014,도안동로 77,
대전광역시 서구 도안동,1564,1564,0,도안18단지린풀하우스,84.974,201710,30,"40,500",14,2014,도안동로 77,
대전광역시 서구 도안동,1564,1564,0,도안18단지린풀하우스,70.143,201710,31,"32,600",9,2014,도안동로 77,
대전광역시 서구 도안동,1564,1564,0,도안18단지린풀하우스,84.984,201711,1,"39,200",27,2014,도안동로 77,
대전광역시 서구 도안동,1564,1564,0,도안18단지린풀하우스,84.974,201711,3,"39,200",4,2014,도안동로 77,
대전광역시 서구 도안동,1564,1564,0,도안18단지린풀하우스,84.974,201711,7,"40,400",16,2014,도안동로 77,
대전광역시 서구 도안동,1564,1564,0,도안18단지린풀하우스,70.143,201711,21,"32,450",9,2014,도안동로 77,
대전광역시 서구 도안동,1564,1564,0,도안18단지린풀하우스,78.8929,201711,27,"36,450",4,2014,도안동로 77,
대전광역시 서구 도안동,1564,1564,0,도안18단지린풀하우스,78.8929,201711,29,"38,000",17,2014,도안동로 77,
대전광역시 서구 도안동,1564,1564,0,도안18단지린풀하우스,70.143,201712,4,"33,300",26,2014,도안동로 77,
대전광역시 서구 도안동,1564,1564,0,도안18단지린풀하우스,84.974,201712,6,"39,700",27,2014,도안동로 77,
대전광역시 서구 도안동,1564,1564,0,도안18단지린풀하우스,78.8929,201712,15,"37,500",25,2014,도안동로 77,
대전광역시 서구 도안동,1564,1564,0,도안18단지린풀하우스,84.984,201712,20,"40,500",23,2014,도안동로 77,
대전광역시 서구 도안동,1564,1564,0,도안18단지린풀하우스,70.143,201712,26,"32,900",32,2014,도안동로 77,
대전광역시 서구 도안동,1564,1564,0,도안18단지린풀하우스,70.143,201712,26,"33,500",7,2014,도안동로 77,
대전광역시 서구 도안동,1564,1564,0,도안18단지린풀하우스,78.8929,201712,28,"36,450",15,2014,도안동로 77,
대전광역시 서구 도안동,1564,1564,0,도안18단지린풀하우스,84.974,201712,30,"40,200",28,2014,도안동로 77,
대전광역시 서구 도안동,1369,1369,0,도안리슈빌,84.9868,201702,4,"33,500",3,2014,도안동로 123,
대전광역시 서구 도안동,1369,1369,0,도안리슈빌,84.9132,201702,6,"33,800",5,2014,도안동로 123,
대전광역시 서구 도안동,1369,1369,0,도안리슈빌,84.9711,201703,1,"33,500",19,2014,도안동로 123,
대전광역시 서구 도안동,1369,1369,0,도안리슈빌,84.9868,201703,20,"34,000",23,2014,도안동로 123,
대전광역시 서구 도안동,1369,1369,0,도안리슈빌,84.8646,201704,20,"33,000",30,2014,도안동로 123,
대전광역시 서구 도안동,1369,1369,0,도안리슈빌,84.9132,201705,13,"33,400",8,2014,도안동로 123,
대전광역시 서구 도안동,1369,1369,0,도안리슈빌,73.9446,201705,23,"30,500",3,2014,도안동로 123,
대전광역시 서구 도안동,1369,1369,0,도안리슈빌,84.9751,201706,1,"35,000",28,2014,도안동로 123,
대전광역시 서구 도안동,1369,1369,0,도안리슈빌,84.9868,201706,3,"33,750",6,2014,도안동로 123,
대전광역시 서구 도안동,1369,1369,0,도안리슈빌,73.5542,201706,3,"30,700",6,2014,도안동로 123,
대전광역시 서구 도안동,1369,1369,0,도안리슈빌,84.9711,201706,8,"34,000",25,2014,도안동로 123,
대전광역시 서구 도안동,1369,1369,0,도안리슈빌,84.9132,201706,10,"34,400",22,2014,도안동로 123,
대전광역시 서구 도안동,1369,1369,0,도안리슈빌,73.5542,201706,10,"29,500",1,2014,도안동로 123,
대전광역시 서구 도안동,1369,1369,0,도안리슈빌,84.9751,201707,5,"34,500",17,2014,도안동로 123,
대전광역시 서구 도안동,1369,1369,0,도안리슈빌,84.9868,201707,18,"34,700",11,2014,도안동로 123,
대전광역시 서구 도안동,1369,1369,0,도안리슈빌,84.9868,201707,28,"32,000",4,2014,도안동로 123,
대전광역시 서구 도안동,1369,1369,0,도안리슈빌,84.9751,201708,3,"35,900",26,2014,도안동로 123,
대전광역시 서구 도안동,1369,1369,0,도안리슈빌,84.9711,201708,5,"34,600",17,2014,도안동로 123,
대전광역시 서구 도안동,1369,1369,0,도안리슈빌,84.9751,201708,6,"36,550",26,2014,도안동로 123,
대전광역시 서구 도안동,1369,1369,0,도안리슈빌,73.9446,201708,15,"30,700",32,2014,도안동로 123,
대전광역시 서구 도안동,1369,1369,0,도안리슈빌,84.9751,201708,22,"34,000",5,2014,도안동로 123,
대전광역시 서구 도안동,1369,1369,0,도안리슈빌,84.9868,201709,4,"34,700",9,2014,도안동로 123,
대전광역시 서구 도안동,1369,1369,0,도안리슈빌,84.9751,201709,11,"35,500",12,2014,도안동로 123,
대전광역시 서구 도안동,1369,1369,0,도안리슈빌,73.5542,201709,13,"30,700",30,2014,도안동로 123,
대전광역시 서구 도안동,1369,1369,0,도안리슈빌,84.9751,201709,18,"36,000",10,2014,도안동로 123,
대전광역시 서구 도안동,1369,1369,0,도안리슈빌,84.9132,201710,31,"34,200",24,2014,도안동로 123,
대전광역시 서구 도안동,1369,1369,0,도안리슈빌,84.8646,201711,4,"34,300",14,2014,도안동로 123,
대전광역시 서구 도안동,1369,1369,0,도안리슈빌,84.9132,201711,10,"35,200",20,2014,도안동로 123,
대전광역시 서구 도안동,1369,1369,0,도안리슈빌,73.9446,201711,23,"31,000",4,2014,도안동로 123,
대전광역시 서구 도안동,1369,1369,0,도안리슈빌,84.9132,201711,28,"32,200",3,2014,도안동로 123,
대전광역시 서구 도안동,1369,1369,0,도안리슈빌,84.9868,201712,5,"36,700",29,2014,도안동로 123,
대전광역시 서구 도안동,1369,1369,0,도안리슈빌,84.8646,201712,9,"34,400",29,2014,도안동로 123,
대전광역시 서구 도안동,1369,1369,0,도안리슈빌,84.9132,201712,15,"32,000",1,2014,도안동로 123,
대전광역시 서구 도안동,1364,1364,0,엘드수목토,84.9967,201701,7,"30,900",7,2010,도안동로 177,
대전광역시 서구 도안동,1364,1364,0,엘드수목토,84.9884,201701,9,"30,500",9,2010,도안동로 177,
대전광역시 서구 도안동,1364,1364,0,엘드수목토,84.9967,201701,12,"29,500",2,2010,도안동로 177,
대전광역시 서구 도안동,1364,1364,0,엘드수목토,84.9884,201701,16,"29,500",7,2010,도안동로 177,
대전광역시 서구 도안동,1364,1364,0,엘드수목토,84.9398,201702,9,"32,000",8,2010,도안동로 177,
대전광역시 서구 도안동,1364,1364,0,엘드수목토,84.9967,201702,11,"32,600",15,2010,도안동로 177,
대전광역시 서구 도안동,1364,1364,0,엘드수목토,84.9884,201702,13,"30,200",24,2010,도안동로 177,
대전광역시 서구 도안동,1364,1364,0,엘드수목토,84.9967,201702,13,"30,700",8,2010,도안동로 177,
대전광역시 서구 도안동,1364,1364,0,엘드수목토,84.9884,201702,14,"29,300",22,2010,도안동로 177,
대전광역시 서구 도안동,1364,1364,0,엘드수목토,84.9398,201702,18,"32,000",20,2010,도안동로 177,
대전광역시 서구 도안동,1364,1364,0,엘드수목토,84.9967,201702,21,"32,250",12,2010,도안동로 177,
대전광역시 서구 도안동,1364,1364,0,엘드수목토,84.9884,201702,25,"30,600",19,2010,도안동로 177,
대전광역시 서구 도안동,1364,1364,0,엘드수목토,84.9967,201703,1,"32,600",8,2010,도안동로 177,
대전광역시 서구 도안동,1364,1364,0,엘드수목토,84.9884,201703,10,"30,400",14,2010,도안동로 177,
대전광역시 서구 도안동,1364,1364,0,엘드수목토,84.9884,201703,10,"30,500",24,2010,도안동로 177,
대전광역시 서구 도안동,1364,1364,0,엘드수목토,84.9967,201703,12,"32,800",9,2010,도안동로 177,
대전광역시 서구 도안동,1364,1364,0,엘드수목토,84.9818,201703,13,"30,000",19,2010,도안동로 177,
대전광역시 서구 도안동,1364,1364,0,엘드수목토,84.9967,201703,14,"31,500",10,2010,도안동로 177,
대전광역시 서구 도안동,1364,1364,0,엘드수목토,84.9967,201703,17,"31,600",6,2010,도안동로 177,
대전광역시 서구 도안동,1364,1364,0,엘드수목토,84.9967,201703,17,"31,500",8,2010,도안동로 177,
대전광역시 서구 도안동,1364,1364,0,엘드수목토,84.9967,201703,18,"30,900",4,2010,도안동로 177,
대전광역시 서구 도안동,1364,1364,0,엘드수목토,84.9967,201703,18,"32,500",11,2010,도안동로 177,
대전광역시 서구 도안동,1364,1364,0,엘드수목토,84.9818,201703,21,"29,500",15,2010,도안동로 177,
대전광역시 서구 도안동,1364,1364,0,엘드수목토,84.9884,201703,22,"30,200",14,2010,도안동로 177,
대전광역시 서구 도안동,1364,1364,0,엘드수목토,84.9884,201703,22,"30,500",20,2010,도안동로 177,
대전광역시 서구 도안동,1364,1364,0,엘드수목토,84.9967,201703,23,"30,700",3,2010,도안동로 177,
대전광역시 서구 도안동,1364,1364,0,엘드수목토,84.9884,201703,27,"29,800",24,2010,도안동로 177,
대전광역시 서구 도안동,1364,1364,0,엘드수목토,84.9818,201704,1,"31,800",14,2010,도안동로 177,
대전광역시 서구 도안동,1364,1364,0,엘드수목토,84.9884,201704,8,"30,900",6,2010,도안동로 177,
대전광역시 서구 도안동,1364,1364,0,엘드수목토,84.9884,201704,10,"30,600",8,2010,도안동로 177,
대전광역시 서구 도안동,1364,1364,0,엘드수목토,84.9884,201704,14,"30,000",4,2010,도안동로 177,
대전광역시 서구 도안동,1364,1364,0,엘드수목토,84.9884,201704,14,"30,700",17,2010,도안동로 177,
대전광역시 서구 도안동,1364,1364,0,엘드수목토,84.9884,201704,17,"30,200",15,2010,도안동로 177,
대전광역시 서구 도안동,1364,1364,0,엘드수목토,84.9884,201704,22,"30,500",12,2010,도안동로 177,
대전광역시 서구 도안동,1364,1364,0,엘드수목토,84.9818,201704,24,"31,500",7,2010,도안동로 177,
대전광역시 서구 도안동,1364,1364,0,엘드수목토,84.9884,201704,29,"30,800",16,2010,도안동로 177,
대전광역시 서구 도안동,1364,1364,0,엘드수목토,84.9818,201704,30,"29,500",3,2010,도안동로 177,
대전광역시 서구 도안동,1364,1364,0,엘드수목토,84.9818,201705,14,"29,700",7,2010,도안동로 177,
대전광역시 서구 도안동,1364,1364,0,엘드수목토,84.9967,201705,15,"32,800",12,2010,도안동로 177,
대전광역시 서구 도안동,1364,1364,0,엘드수목토,84.9967,201705,18,"32,000",17,2010,도안동로 177,
대전광역시 서구 도안동,1364,1364,0,엘드수목토,84.9967,201705,25,"29,500",2,2010,도안동로 177,
대전광역시 서구 도안동,1364,1364,0,엘드수목토,84.9884,201706,7,"32,300",9,2010,도안동로 177,
대전광역시 서구 도안동,1364,1364,0,엘드수목토,84.9967,201706,10,"32,600",20,2010,도안동로 177,
대전광역시 서구 도안동,1364,1364,0,엘드수목토,84.9967,201706,17,"32,300",8,2010,도안동로 177,
대전광역시 서구 도안동,1364,1364,0,엘드수목토,84.9884,201706,19,"30,800",10,2010,도안동로 177,
대전광역시 서구 도안동,1364,1364,0,엘드수목토,84.9398,201706,24,"33,000",10,2010,도안동로 177,
대전광역시 서구 도안동,1364,1364,0,엘드수목토,84.9967,201706,26,"31,700",9,2010,도안동로 177,
대전광역시 서구 도안동,1364,1364,0,엘드수목토,84.9967,201706,30,"30,000",3,2010,도안동로 177,
대전광역시 서구 도안동,1364,1364,0,엘드수목토,84.9884,201706,30,"29,900",6,2010,도안동로 177,
대전광역시 서구 도안동,1364,1364,0,엘드수목토,84.9398,201707,1,"32,700",13,2010,도안동로 177,
대전광역시 서구 도안동,1364,1364,0,엘드수목토,84.9967,201707,17,"32,100",10,2010,도안동로 177,
대전광역시 서구 도안동,1364,1364,0,엘드수목토,84.9967,201707,18,"33,700",12,2010,도안동로 177,
대전광역시 서구 도안동,1364,1364,0,엘드수목토,84.9884,201707,18,"31,000",19,2010,도안동로 177,
대전광역시 서구 도안동,1364,1364,0,엘드수목토,84.9398,201707,20,"31,500",5,2010,도안동로 177,
대전광역시 서구 도안동,1364,1364,0,엘드수목토,84.9818,201707,22,"30,000",5,2010,도안동로 177,
대전광역시 서구 도안동,1364,1364,0,엘드수목토,84.9884,201707,22,"30,700",12,2010,도안동로 177,
대전광역시 서구 도안동,1364,1364,0,엘드수목토,84.9967,201707,22,"31,000",6,2010,도안동로 177,
대전광역시 서구 도안동,1364,1364,0,엘드수목토,84.9818,201707,25,"30,400",8,2010,도안동로 177,
대전광역시 서구 도안동,1364,1364,0,엘드수목토,84.9967,201708,2,"29,500",2,2010,도안동로 177,
대전광역시 서구 도안동,1364,1364,0,엘드수목토,84.9884,201708,5,"31,500",19,2010,도안동로 177,
대전광역시 서구 도안동,1364,1364,0,엘드수목토,84.9967,201708,5,"32,000",8,2010,도안동로 177,
대전광역시 서구 도안동,1364,1364,0,엘드수목토,84.9967,201708,5,"32,500",14,2010,도안동로 177,
대전광역시 서구 도안동,1364,1364,0,엘드수목토,84.9398,201708,10,"31,950",4,2010,도안동로 177,
대전광역시 서구 도안동,1364,1364,0,엘드수목토,84.9967,201708,11,"32,900",4,2010,도안동로 177,
대전광역시 서구 도안동,1364,1364,0,엘드수목토,84.9884,201708,16,"31,500",15,2010,도안동로 177,
대전광역시 서구 도안동,1364,1364,0,엘드수목토,84.9884,201708,16,"32,000",12,2010,도안동로 177,
대전광역시 서구 도안동,1364,1364,0,엘드수목토,84.9967,201708,23,"33,000",23,2010,도안동로 177,
대전광역시 서구 도안동,1364,1364,0,엘드수목토,84.9884,201708,26,"28,900",2,2010,도안동로 177,
대전광역시 서구 도안동,1364,1364,0,엘드수목토,84.9398,201709,4,"34,000",5,2010,도안동로 177,
대전광역시 서구 도안동,1364,1364,0,엘드수목토,84.9398,201709,11,"33,000",4,2010,도안동로 177,
대전광역시 서구 도안동,1364,1364,0,엘드수목토,84.9884,201709,16,"31,800",7,2010,도안동로 177,
대전광역시 서구 도안동,1364,1364,0,엘드수목토,84.9884,201709,20,"30,900",11,2010,도안동로 177,
대전광역시 서구 도안동,1364,1364,0,엘드수목토,84.9967,201709,23,"34,200",14,2010,도안동로 177,
대전광역시 서구 도안동,1364,1364,0,엘드수목토,84.9967,201709,29,"35,000",19,2010,도안동로 177,
대전광역시 서구 도안동,1364,1364,0,엘드수목토,84.9818,201710,13,"29,700",2,2010,도안동로 177,
대전광역시 서구 도안동,1364,1364,0,엘드수목토,84.9398,201710,14,"35,900",10,2010,도안동로 177,
대전광역시 서구 도안동,1364,1364,0,엘드수목토,84.9884,201710,20,"32,400",13,2010,도안동로 177,
대전광역시 서구 도안동,1364,1364,0,엘드수목토,84.9884,201710,22,"33,000",8,2010,도안동로 177,
대전광역시 서구 도안동,1364,1364,0,엘드수목토,84.9967,201710,26,"35,000",6,2010,도안동로 177,
대전광역시 서구 도안동,1364,1364,0,엘드수목토,84.9884,201710,30,"32,000",22,2010,도안동로 177,
대전광역시 서구 도안동,1364,1364,0,엘드수목토,84.9967,201711,2,"34,500",10,2010,도안동로 177,
대전광역시 서구 도안동,1364,1364,0,엘드수목토,84.9967,201711,4,"35,400",13,2010,도안동로 177,
대전광역시 서구 도안동,1364,1364,0,엘드수목토,84.9818,201711,4,"31,200",13,2010,도안동로 177,
대전광역시 서구 도안동,1364,1364,0,엘드수목토,84.9967,201711,8,"33,950",6,2010,도안동로 177,
대전광역시 서구 도안동,1364,1364,0,엘드수목토,84.9967,201711,9,"33,300",5,2010,도안동로 177,
대전광역시 서구 도안동,1364,1364,0,엘드수목토,84.9398,201711,21,"30,500",1,2010,도안동로 177,
대전광역시 서구 도안동,1364,1364,0,엘드수목토,84.9967,201711,22,"34,300",7,2010,도안동로 177,
대전광역시 서구 도안동,1364,1364,0,엘드수목토,84.9884,201711,23,"31,500",8,2010,도안동로 177,
대전광역시 서구 도안동,1364,1364,0,엘드수목토,84.9398,201711,24,"35,200",15,2010,도안동로 177,
대전광역시 서구 도안동,1364,1364,0,엘드수목토,84.9884,201711,29,"33,500",13,2010,도안동로 177,
대전광역시 서구 도안동,1364,1364,0,엘드수목토,84.9884,201711,29,"32,700",20,2010,도안동로 177,
대전광역시 서구 도안동,1364,1364,0,엘드수목토,84.9884,201712,2,"32,200",21,2010,도안동로 177,
대전광역시 서구 도안동,1364,1364,0,엘드수목토,84.9967,201712,9,"32,200",2,2010,도안동로 177,
대전광역시 서구 도안동,1364,1364,0,엘드수목토,84.9884,201712,14,"32,000",23,2010,도안동로 177,
대전광역시 서구 도안동,1364,1364,0,엘드수목토,84.9884,201712,15,"31,700",8,2010,도안동로 177,
대전광역시 서구 도안동,1364,1364,0,엘드수목토,84.9884,201712,23,"31,700",17,2010,도안동로 177,
대전광역시 서구 도안동,1364,1364,0,엘드수목토,84.9967,201712,29,"34,000",15,2010,도안동로 177,
대전광역시 서구 도안동,966,966,0,한라비발디,84.9334,201701,5,"32,500",16,2011,도안북로 136,
대전광역시 서구 도안동,966,966,0,한라비발디,84.9025,201701,5,"34,500",9,2011,도안북로 136,
대전광역시 서구 도안동,966,966,0,한라비발디,84.9334,201701,7,"32,800",13,2011,도안북로 136,
대전광역시 서구 도안동,966,966,0,한라비발디,84.9334,201701,9,"32,800",13,2011,도안북로 136,
대전광역시 서구 도안동,966,966,0,한라비발디,84.931,201701,12,"32,300",5,2011,도안북로 136,
대전광역시 서구 도안동,966,966,0,한라비발디,84.931,201702,1,"32,000",7,2011,도안북로 136,
대전광역시 서구 도안동,966,966,0,한라비발디,84.9025,201702,3,"32,300",2,2011,도안북로 136,
대전광역시 서구 도안동,966,966,0,한라비발디,84.9822,201702,9,"34,700",20,2011,도안북로 136,
대전광역시 서구 도안동,966,966,0,한라비발디,84.9025,201702,12,"35,200",12,2011,도안북로 136,
대전광역시 서구 도안동,966,966,0,한라비발디,84.9822,201702,18,"32,000",15,2011,도안북로 136,
대전광역시 서구 도안동,966,966,0,한라비발디,84.9334,201703,3,"32,300",18,2011,도안북로 136,
대전광역시 서구 도안동,966,966,0,한라비발디,84.931,201703,8,"32,500",22,2011,도안북로 136,
대전광역시 서구 도안동,966,966,0,한라비발디,84.9167,201703,13,"33,000",17,2011,도안북로 136,
대전광역시 서구 도안동,966,966,0,한라비발디,84.9025,201704,2,"34,500",8,2011,도안북로 136,
대전광역시 서구 도안동,966,966,0,한라비발디,84.9025,201704,8,"34,500",7,2011,도안북로 136,
대전광역시 서구 도안동,966,966,0,한라비발디,84.9167,201704,15,"32,800",9,2011,도안북로 136,
대전광역시 서구 도안동,966,966,0,한라비발디,84.9167,201704,16,"31,600",8,2011,도안북로 136,
대전광역시 서구 도안동,966,966,0,한라비발디,84.931,201704,16,"32,300",10,2011,도안북로 136,
대전광역시 서구 도안동,966,966,0,한라비발디,84.9025,201704,18,"33,900",5,2011,도안북로 136,
대전광역시 서구 도안동,966,966,0,한라비발디,84.9334,201704,22,"32,800",18,2011,도안북로 136,
대전광역시 서구 도안동,966,966,0,한라비발디,84.9334,201705,18,"31,500",4,2011,도안북로 136,
대전광역시 서구 도안동,966,966,0,한라비발디,84.9926,201706,2,"35,800",13,2011,도안북로 136,
대전광역시 서구 도안동,966,966,0,한라비발디,84.9334,201706,10,"32,500",8,2011,도안북로 136,
대전광역시 서구 도안동,966,966,0,한라비발디,84.9167,201706,12,"33,500",19,2011,도안북로 136,
대전광역시 서구 도안동,966,966,0,한라비발디,84.8679,201706,12,"33,000",15,2011,도안북로 136,
대전광역시 서구 도안동,966,966,0,한라비발디,84.9334,201706,30,"33,000",17,2011,도안북로 136,
대전광역시 서구 도안동,966,966,0,한라비발디,84.6537,201707,4,"31,000",10,2011,도안북로 136,
대전광역시 서구 도안동,966,966,0,한라비발디,84.9167,201707,6,"34,800",21,2011,도안북로 136,
대전광역시 서구 도안동,966,966,0,한라비발디,84.8679,201707,8,"30,750",3,2011,도안북로 136,
대전광역시 서구 도안동,966,966,0,한라비발디,84.8679,201707,15,"29,700",4,2011,도안북로 136,
대전광역시 서구 도안동,966,966,0,한라비발디,84.931,201707,16,"31,800",7,2011,도안북로 136,
대전광역시 서구 도안동,966,966,0,한라비발디,84.931,201707,19,"34,500",25,2011,도안북로 136,
대전광역시 서구 도안동,966,966,0,한라비발디,84.931,201707,26,"34,000",20,2011,도안북로 136,
대전광역시 서구 도안동,966,966,0,한라비발디,84.9334,201707,29,"31,200",4,2011,도안북로 136,
대전광역시 서구 도안동,966,966,0,한라비발디,84.6537,201708,4,"29,250",1,2011,도안북로 136,
대전광역시 서구 도안동,966,966,0,한라비발디,84.9334,201708,8,"33,800",15,2011,도안북로 136,
대전광역시 서구 도안동,966,966,0,한라비발디,84.931,201708,10,"33,300",19,2011,도안북로 136,
대전광역시 서구 도안동,966,966,0,한라비발디,84.6537,201708,11,"31,500",12,2011,도안북로 136,
대전광역시 서구 도안동,966,966,0,한라비발디,84.9167,201708,11,"33,800",18,2011,도안북로 136,
대전광역시 서구 도안동,966,966,0,한라비발디,84.9334,201708,12,"33,000",12,2011,도안북로 136,
대전광역시 서구 도안동,966,966,0,한라비발디,84.931,201708,15,"33,200",11,2011,도안북로 136,
대전광역시 서구 도안동,966,966,0,한라비발디,84.9926,201708,19,"37,700",20,2011,도안북로 136,
대전광역시 서구 도안동,966,966,0,한라비발디,84.6537,201708,24,"32,300",17,2011,도안북로 136,
대전광역시 서구 도안동,966,966,0,한라비발디,84.9926,201708,25,"33,700",6,2011,도안북로 136,
대전광역시 서구 도안동,966,966,0,한라비발디,84.9822,201708,25,"29,700",3,2011,도안북로 136,
대전광역시 서구 도안동,966,966,0,한라비발디,84.9926,201708,29,"34,250",8,2011,도안북로 136,
대전광역시 서구 도안동,966,966,0,한라비발디,84.931,201709,9,"29,000",1,2011,도안북로 136,
대전광역시 서구 도안동,966,966,0,한라비발디,84.931,201709,9,"30,000",3,2011,도안북로 136,
대전광역시 서구 도안동,966,966,0,한라비발디,84.931,201709,10,"29,900",3,2011,도안북로 136,
대전광역시 서구 도안동,966,966,0,한라비발디,84.9025,201709,11,"34,100",4,2011,도안북로 136,
대전광역시 서구 도안동,966,966,0,한라비발디,84.8679,201709,12,"31,000",3,2011,도안북로 136,
대전광역시 서구 도안동,966,966,0,한라비발디,84.9334,201709,12,"33,200",15,2011,도안북로 136,
대전광역시 서구 도안동,966,966,0,한라비발디,84.931,201709,15,"30,000",11,2011,도안북로 136,
대전광역시 서구 도안동,966,966,0,한라비발디,84.8679,201709,16,"34,200",14,2011,도안북로 136,
대전광역시 서구 도안동,966,966,0,한라비발디,84.8679,201709,17,"34,300",10,2011,도안북로 136,
대전광역시 서구 도안동,966,966,0,한라비발디,84.931,201709,19,"32,500",6,2011,도안북로 136,
대전광역시 서구 도안동,966,966,0,한라비발디,84.9334,201709,21,"33,800",18,2011,도안북로 136,
대전광역시 서구 도안동,966,966,0,한라비발디,84.9926,201709,22,"35,850",23,2011,도안북로 136,
대전광역시 서구 도안동,966,966,0,한라비발디,84.9167,201709,26,"33,500",15,2011,도안북로 136,
대전광역시 서구 도안동,966,966,0,한라비발디,84.9334,201709,29,"31,100",4,2011,도안북로 136,
대전광역시 서구 도안동,966,966,0,한라비발디,84.9167,201710,10,"32,000",8,2011,도안북로 136,
대전광역시 서구 도안동,966,966,0,한라비발디,84.931,201710,11,"32,000",9,2011,도안북로 136,
대전광역시 서구 도안동,966,966,0,한라비발디,84.9926,201710,14,"34,200",10,2011,도안북로 136,
대전광역시 서구 도안동,966,966,0,한라비발디,84.9025,201710,14,"34,700",7,2011,도안북로 136,
대전광역시 서구 도안동,966,966,0,한라비발디,84.6537,201710,16,"32,000",19,2011,도안북로 136,
대전광역시 서구 도안동,966,966,0,한라비발디,84.931,201710,16,"34,000",11,2011,도안북로 136,
대전광역시 서구 도안동,966,966,0,한라비발디,84.8679,201710,23,"31,000",4,2011,도안북로 136,
대전광역시 서구 도안동,966,966,0,한라비발디,84.6537,201710,26,"33,500",11,2011,도안북로 136,
대전광역시 서구 도안동,966,966,0,한라비발디,84.6537,201710,27,"32,400",16,2011,도안북로 136,
대전광역시 서구 도안동,966,966,0,한라비발디,84.9926,201710,28,"36,500",7,2011,도안북로 136,
대전광역시 서구 도안동,966,966,0,한라비발디,84.931,201710,28,"33,000",17,2011,도안북로 136,
대전광역시 서구 도안동,966,966,0,한라비발디,84.9334,201711,10,"34,500",14,2011,도안북로 136,
대전광역시 서구 도안동,966,966,0,한라비발디,84.9025,201711,17,"35,400",8,2011,도안북로 136,
대전광역시 서구 도안동,966,966,0,한라비발디,84.9025,201711,23,"36,500",15,2011,도안북로 136,
대전광역시 서구 도안동,966,966,0,한라비발디,84.9334,201711,28,"33,900",14,2011,도안북로 136,
대전광역시 서구 도안동,966,966,0,한라비발디,84.9025,201712,9,"36,200",16,2011,도안북로 136,
대전광역시 서구 도안동,966,966,0,한라비발디,84.9167,201712,17,"30,800",6,2011,도안북로 136,
대전광역시 서구 도안동,966,966,0,한라비발디,84.9822,201712,23,"32,000",13,2011,도안북로 136,
대전광역시 서구 도안동,966,966,0,한라비발디,84.6537,201712,26,"29,200",1,2011,도안북로 136,
대전광역시 서구 도안동,966,966,0,한라비발디,84.9025,201712,30,"35,300",8,2011,도안북로 136,
대전광역시 서구 도안동,966,966,0,한라비발디,84.8679,201712,31,"34,000",12,2011,도안북로 136,
대전광역시 서구 도안동,1362,1362,0,현대아이파크,84.979,201701,9,"40,000",3,2013,도안동로 183,
대전광역시 서구 도안동,1362,1362,0,현대아이파크,84.99,201701,23,"38,900",13,2013,도안동로 183,
대전광역시 서구 도안동,1362,1362,0,현대아이파크,84.92,201702,3,"37,500",7,2013,도안동로 183,
대전광역시 서구 도안동,1362,1362,0,현대아이파크,84.99,201702,4,"39,500",8,2013,도안동로 183,
대전광역시 서구 도안동,1362,1362,0,현대아이파크,84.95,201702,14,"39,500",14,2013,도안동로 183,
대전광역시 서구 도안동,1362,1362,0,현대아이파크,84.973,201702,15,"40,300",2,2013,도안동로 183,
대전광역시 서구 도안동,1362,1362,0,현대아이파크,84.93,201702,16,"39,750",5,2013,도안동로 183,
대전광역시 서구 도안동,1362,1362,0,현대아이파크,84.95,201702,19,"39,000",20,2013,도안동로 183,
대전광역시 서구 도안동,1362,1362,0,현대아이파크,84.92,201702,22,"38,000",13,2013,도안동로 183,
대전광역시 서구 도안동,1362,1362,0,현대아이파크,84.99,201702,23,"41,500",14,2013,도안동로 183,
대전광역시 서구 도안동,1362,1362,0,현대아이파크,84.92,201703,6,"39,200",10,2013,도안동로 183,
대전광역시 서구 도안동,1362,1362,0,현대아이파크,84.92,201703,6,"38,700",12,2013,도안동로 183,
대전광역시 서구 도안동,1362,1362,0,현대아이파크,84.973,201703,6,"42,000",17,2013,도안동로 183,
대전광역시 서구 도안동,1362,1362,0,현대아이파크,84.93,201703,13,"36,500",2,2013,도안동로 183,
대전광역시 서구 도안동,1362,1362,0,현대아이파크,84.93,201703,23,"40,550",17,2013,도안동로 183,
대전광역시 서구 도안동,1362,1362,0,현대아이파크,84.93,201703,27,"39,700",12,2013,도안동로 183,
대전광역시 서구 도안동,1362,1362,0,현대아이파크,84.979,201703,30,"42,000",17,2013,도안동로 183,
대전광역시 서구 도안동,1362,1362,0,현대아이파크,84.93,201704,8,"40,600",11,2013,도안동로 183,
대전광역시 서구 도안동,1362,1362,0,현대아이파크,84.979,201704,10,"37,000",16,2013,도안동로 183,
대전광역시 서구 도안동,1362,1362,0,현대아이파크,84.95,201704,12,"39,000",8,2013,도안동로 183,
대전광역시 서구 도안동,1362,1362,0,현대아이파크,84.93,201704,23,"40,400",14,2013,도안동로 183,
대전광역시 서구 도안동,1362,1362,0,현대아이파크,84.99,201705,6,"39,500",7,2013,도안동로 183,
대전광역시 서구 도안동,1362,1362,0,현대아이파크,84.99,201705,25,"39,000",7,2013,도안동로 183,
대전광역시 서구 도안동,1362,1362,0,현대아이파크,84.92,201706,3,"38,300",12,2013,도안동로 183,
대전광역시 서구 도안동,1362,1362,0,현대아이파크,84.979,201706,3,"42,000",16,2013,도안동로 183,
대전광역시 서구 도안동,1362,1362,0,현대아이파크,84.95,201706,4,"40,500",12,2013,도안동로 183,
대전광역시 서구 도안동,1362,1362,0,현대아이파크,84.95,201706,6,"40,000",10,2013,도안동로 183,
대전광역시 서구 도안동,1362,1362,0,현대아이파크,84.92,201706,10,"38,250",15,2013,도안동로 183,
대전광역시 서구 도안동,1362,1362,0,현대아이파크,84.99,201706,11,"38,500",5,2013,도안동로 183,
대전광역시 서구 도안동,1362,1362,0,현대아이파크,84.92,201706,14,"38,500",21,2013,도안동로 183,
대전광역시 서구 도안동,1362,1362,0,현대아이파크,84.92,201706,17,"39,000",22,2013,도안동로 183,
대전광역시 서구 도안동,1362,1362,0,현대아이파크,84.93,201706,27,"36,700",2,2013,도안동로 183,
대전광역시 서구 도안동,1362,1362,0,현대아이파크,84.93,201706,30,"39,500",6,2013,도안동로 183,
대전광역시 서구 도안동,1362,1362,0,현대아이파크,84.95,201707,4,"40,900",8,2013,도안동로 183,
대전광역시 서구 도안동,1362,1362,0,현대아이파크,84.99,201707,5,"39,800",8,2013,도안동로 183,
대전광역시 서구 도안동,1362,1362,0,현대아이파크,84.92,201707,7,"39,500",17,2013,도안동로 183,
대전광역시 서구 도안동,1362,1362,0,현대아이파크,84.99,201707,12,"41,800",24,2013,도안동로 183,
대전광역시 서구 도안동,1362,1362,0,현대아이파크,84.93,201707,13,"42,200",9,2013,도안동로 183,
대전광역시 서구 도안동,1362,1362,0,현대아이파크,84.99,201707,17,"38,500",5,2013,도안동로 183,
대전광역시 서구 도안동,1362,1362,0,현대아이파크,84.93,201707,17,"39,000",3,2013,도안동로 183,
대전광역시 서구 도안동,1362,1362,0,현대아이파크,84.99,201707,22,"38,300",15,2013,도안동로 183,
대전광역시 서구 도안동,1362,1362,0,현대아이파크,84.92,201707,26,"40,800",24,2013,도안동로 183,
대전광역시 서구 도안동,1362,1362,0,현대아이파크,84.92,201707,28,"37,200",2,2013,도안동로 183,
대전광역시 서구 도안동,1362,1362,0,현대아이파크,84.979,201707,28,"42,500",23,2013,도안동로 183,
대전광역시 서구 도안동,1362,1362,0,현대아이파크,84.92,201707,29,"40,350",22,2013,도안동로 183,
대전광역시 서구 도안동,1362,1362,0,현대아이파크,84.92,201707,30,"39,300",25,2013,도안동로 183,
대전광역시 서구 도안동,1362,1362,0,현대아이파크,84.973,201708,7,"39,700",3,2013,도안동로 183,
대전광역시 서구 도안동,1362,1362,0,현대아이파크,84.973,201708,8,"43,000",17,2013,도안동로 183,
대전광역시 서구 도안동,1362,1362,0,현대아이파크,84.93,201708,12,"41,900",17,2013,도안동로 183,
대전광역시 서구 도안동,1362,1362,0,현대아이파크,84.92,201708,20,"39,500",10,2013,도안동로 183,
대전광역시 서구 도안동,1362,1362,0,현대아이파크,84.92,201708,20,"37,500",3,2013,도안동로 183,
대전광역시 서구 도안동,1362,1362,0,현대아이파크,84.92,201708,26,"39,550",10,2013,도안동로 183,
대전광역시 서구 도안동,1362,1362,0,현대아이파크,84.99,201709,3,"40,000",8,2013,도안동로 183,
대전광역시 서구 도안동,1362,1362,0,현대아이파크,84.93,201709,10,"41,000",25,2013,도안동로 183,
대전광역시 서구 도안동,1362,1362,0,현대아이파크,84.979,201709,11,"44,200",16,2013,도안동로 183,
대전광역시 서구 도안동,1362,1362,0,현대아이파크,84.973,201709,19,"43,000",11,2013,도안동로 183,
대전광역시 서구 도안동,1362,1362,0,현대아이파크,84.92,201709,28,"42,500",20,2013,도안동로 183,
대전광역시 서구 도안동,1362,1362,0,현대아이파크,84.95,201710,2,"42,000",9,2013,도안동로 183,
대전광역시 서구 도안동,1362,1362,0,현대아이파크,84.92,201710,7,"40,900",19,2013,도안동로 183,
대전광역시 서구 도안동,1362,1362,0,현대아이파크,84.92,201710,7,"40,700",12,2013,도안동로 183,
대전광역시 서구 도안동,1362,1362,0,현대아이파크,84.92,201710,15,"39,800",3,2013,도안동로 183,
대전광역시 서구 도안동,1362,1362,0,현대아이파크,84.92,201710,17,"41,800",5,2013,도안동로 183,
대전광역시 서구 도안동,1362,1362,0,현대아이파크,84.979,201710,21,"45,250",16,2013,도안동로 183,
대전광역시 서구 도안동,1362,1362,0,현대아이파크,84.93,201710,28,"43,900",11,2013,도안동로 183,
대전광역시 서구 도안동,1362,1362,0,현대아이파크,84.95,201710,28,"40,500",5,2013,도안동로 183,
대전광역시 서구 도안동,1362,1362,0,현대아이파크,84.95,201710,30,"45,500",13,2013,도안동로 183,
대전광역시 서구 도안동,1362,1362,0,현대아이파크,84.99,201711,4,"43,500",15,2013,도안동로 183,
대전광역시 서구 도안동,1362,1362,0,현대아이파크,84.99,201711,9,"38,000",1,2013,도안동로 183,
대전광역시 서구 도안동,1362,1362,0,현대아이파크,84.92,201711,24,"39,300",4,2013,도안동로 183,
대전광역시 서구 도안동,1362,1362,0,현대아이파크,84.95,201712,11,"43,000",14,2013,도안동로 183,
대전광역시 서구 도안동,1362,1362,0,현대아이파크,84.973,201712,13,"46,200",12,2013,도안동로 183,
대전광역시 서구 도안동,1362,1362,0,현대아이파크,84.93,201712,16,"42,000",5,2013,도안동로 183,
대전광역시 서구 도안동,1362,1362,0,현대아이파크,84.99,201712,19,"44,100",10,2013,도안동로 183,
대전광역시 서구 도안동,1362,1362,0,현대아이파크,84.92,201712,25,"38,800",3,2013,도안동로 183,
